sentence,sentiment,confidence,type
Finnish Raisio ( Diagnostics ) is launching new DNA-based quick tests to ensure the safety of food .,1,66,secondary_test
"`` We are happy to be working with Rapala to encourage boaters and anglers to introduce newcomers to the sport , '' said RBFF President & CEO Frank Peterson .",1,66,secondary_test
UPM-Kymmene has generated thirty-one consecutive quarters of positive EBITDA .,1,66,secondary_test
"The Brazilian unit of Finnish security solutions provider F-Secure signed up 1,500 new clients last year , online news source Reseller Web quoted the division 's commercial director , Vladimir Brand+úo , as saying .",1,66,secondary_test
"With the extension of the new contract for a further eight engines , the plant will now produce over 100 MW , it said .",1,66,secondary_test
"The Nokian tyre proves its high safety excellently in the important driving qualities stability with mark 1.4 , handling 1.5 and braking on wet road with 1.9 .",1,66,secondary_test
"In accordance with our strategy , we strengthened our local presence by establishing a representative office in South Africa in October .",1,66,secondary_test
"In Finland , insurance company Pohjola and the Finnish motorcyclist association have signed an agreement with the aim of improving motorcyclists ' traffic safety .",1,66,secondary_test
President and CEO Mika Vehvil+ñinen says the positive signs are first and foremost emerging outside Finland .,1,66,secondary_test
"Wartsila won the contract in October 2007 and the plant will be installed at Manturovo in the Kostroma region of Russia , about 600 km northeast of Moscow , Russia .",1,66,secondary_test
"For Teleste , the acquisition marks an entry into services business in a market where it has long been an established and significant supplier of products .",1,66,secondary_test
`` Residentialconstruction in particular has picked up in several markets .,1,66,secondary_test
The solutions will be used for upgrading the networks of a Russian MSO in 37 different cities in Russia .,1,66,secondary_test
The acquisition is part of Ramirent 's strategy to strengthen its position in selected locations .,1,66,secondary_test
"`` The acquisition of Sampo Bank makes strategic sense for DB , '' says Lindsey Liddell , director of Fitch Ratings 's Financial Institutions Group .",1,66,secondary_test
"Also , it is bringing in `` the right kind of people '' to upgrade its human resources .",1,66,secondary_test
Paper maker Stora Enso Oyj said Friday it has been acquitted of charges that it participated in a paper price-fixing conspiracy in the United States .,1,66,secondary_test
"Nokia will continue to invest in future development of Qt for the benefit of all users , both Commercial and LGPL .",1,66,secondary_test
We hope to increase traffic volumes with the opening of Freight One Scandinavia . '',1,66,secondary_test
Synergy benefits will start to materialise in the second quarter .,1,66,secondary_test
"Tieto was looking for an energy solution which would best support the idea of sustainable development , and we were happy to be able to provide such a solution , saysJouni Haikarainen , Vice President , Fortum .",1,66,secondary_test
"Comptel , a vendor of dynamic Operations Support System ( OSS ) software , has been selected by Orascom Telecom ( OTH ) as partner for provisioning and activation solutions for mobile services .",1,66,secondary_test
UPM-Kymmene has generated seventeen consecutive quarters of positive Cash Flow from Operations .,1,66,secondary_test
"HELSINKI ( AFX ) - Metso said it will upgrade one of UPM-Kymmene 's four paper machines at the latter 's mill in Jaemsaenkoski with a new coating color supply system , machine and process controls and quality measurements .",1,66,secondary_test
These companies will be able to keep their market positions .,1,66,secondary_test
The transaction is in line with Aspo 's strategy to expand in the Baltic Sea region and in the eastern markets .,1,66,secondary_test
"However , Simdax will remain available in the markets where it already has been approved as it has marketing authorisations or submitted applications in more than 40 countries , Orion added .",1,66,secondary_test
"`` In the newly formed company YIT Stavo the local contact network , expertise and market know how of Euro Stavokonsult will be combined with YIT 's housing concept , '' said Juha Kostiainen , Yit 's Vice President , Corporate Communications and Business Development .",1,66,secondary_test
"`` Nokia 's Calling All Innovators Africa competition has been specifically launched to enable developers to create locally relevant , best-of-breed mobile applications . ''",1,66,secondary_test
"Brazilian non-profit interbank Camara Interbancaria de Pagamentos CIP has acquired solutions from US business integration solutions provider Sterling Commerce , the latter company said in a statement .",1,66,secondary_test
"The subscriptions increase Cargotec 's share capital by 36,780 euros .",1,66,secondary_test
Business boomed after Ostrom helped plant a small story about Rapala lures in a Life magazine issue that featured Marilyn Monroe on the cover .,1,66,secondary_test
"The company 's goal is to achieve annual savings of EUR 2 million ( USD 2.7 m ) , of which two thirds are to be realized in 2010 .",1,66,secondary_test
"So far , Mr. Galvan he has been able to avoid laying off workers .",1,66,secondary_test
DMASIA-16 August 2006-Benefon extends manufacturing capability with ASMobile -® 2006 Digitalmediaasia.com & DMA Ltd. .,1,66,secondary_test
"Finnish forest machinery and equipment maker Ponsse Oyj said on October 5 , 2007 it will deliver a total of 67 cut-to-length method forest machines and 44 harvester heads to Brazilian paper maker Bahia Pulp and to unnamed Uruguayan wood harvesting contractors .",1,66,secondary_test
"`` I 'm pleased to receive the Nomination Committee 's request and confidence , '' says Jon Risfelt .",1,66,secondary_test
Aspocomp has repaid its interest bearing liability to Standard Chartered Bank and will use the rest of the consideration to partially repay its interest bearing liabilities in Finland and to improve its liquidity .,1,66,secondary_test
The agreement expands Tekla Structures ' scope of use to bridge design .,1,66,secondary_test
Production will expand to other of Elcoteq 's locations including Mexico and Hungary during 2010 .,1,66,secondary_test
"Nokia bought Chicago-based Navteq in 2008 , acquiring a maps database to compete with Google s maps as well as with navigation device companies such as TomTom NV and Garmin Ltd. .",1,66,secondary_test
Repeats sees 2008 EBITA above 18 pct of sales .,1,66,secondary_test
Lemcon signed an investment cooperation agreement with the Kaluga regional administration last November .,1,66,secondary_test
"The company also said on November 16 , 2006 its Real Estate Fund I Ky signed an agreement with Finnish window maker Fenestra Oy to build a window plant in Forssa , southern Finland .",1,66,secondary_test
"Tectia Corporation HEL : TEC1V , a provider of real-time security solutions , today announced that it has appointed LAN2LAN , a provider of IT services in the UK , to distribute its data security and manage file transfer software .",1,66,secondary_test
`` NTC has a geographical presence that complements Ramirent 's existing network and brings us closer to our customers in the East Bohemia region in the CzechRepublic . '',1,66,secondary_test
- I am pleased that Bjorn Wahlroos has accepted the nomination .,1,66,secondary_test
"Nevertheless , Fitch notes that the business fundamentals of the three banks currently remain sound .",1,66,secondary_test
"Under a memorandum of understanding MoU the parties will collaborate in preparing and implementing joint projects in the fields of combined power and heat generation , environmental protection and energy efficient technologies .",1,66,secondary_test
"Nokia controls more than 50 percent of phone sales in India and Africa , and has a strong prosition on most other emerging markets .",1,66,secondary_test
Metso said it has won an order worth around 40 mln eur to supply a kraftliner board machine to China 's Lee & Man Paper Co. .,1,66,secondary_test
"Kai Tulonen , Chief Technology Officer , SysOpen Digia says : `` Mobility Business Suite represents a significant milestone in the company 's offering to the telecommunications industry .",1,66,secondary_test
"HELSINKI ( Thomson Financial ) - M-real said it will exercise an option to buy a 50MW natural gas power plant and land in Kyroskoski , Finland , for around 13 mln eur from Kyro Oyj .",1,66,secondary_test
"The new agreement , which expands a long-established cooperation between the companies , involves the transfer of certain engineering and documentation functions from Larox to Etteplan .",1,66,secondary_test
The divestment of Raisio 's margarine business in May 2009 gave the company a clearer focus on grain-based products .,1,66,secondary_test
"TietoEnator itself uses Nokia 's Intellisync Mobile Suite 's wireless email , calendar , and device management capabilities , and the company will now extend these services to its customers .",1,66,secondary_test
"In addition , the production at the Varpaisj+â rvi factory will be stopped at the beginning of April 2009 .",-1,66,secondary_test
The company said that the fall in turnover had been planned .,-1,66,secondary_test
The maritime administration said the ships had ignored warnings about the icy conditions .,-1,66,secondary_test
The majority of the company 's personnel in Finland is temporarily laid off from one to six weeks in the period from February to June 2009 period .,-1,66,secondary_test
18 March 2010 A leakage in the gypsum pond was detected today at the Talvivaara mine .,-1,66,secondary_test
"TeliaSonera 's underlying results however included 457 mln skr in positive one-offs , hence the adjusted underlying EBITDA actually amounts to 7.309 bln skr , clearly below expectations , analysts said .",-1,66,secondary_test
"Biohit said that it will reduce the number of leased personnel by 10 , and lay off 10 of its own personnel .",-1,66,secondary_test
The total need for staff cuts corresponds to about 300 man-years .,-1,66,secondary_test
"The company plans to close two of the three lines at the plant , where some 450 jobs are under threat .",-1,66,secondary_test
The measures result from decreased demand in technical design and product information .,-1,66,secondary_test
As a result of these negotiations the company has decided to make 45 people redundant on financial and production grounds .,-1,66,secondary_test
Border Guard Service has banned the mooring of the company car-shipping ferry on its test travel at the railroad-car terminal of the Russian port as the border checkpoint is not yet ready .,-1,66,secondary_test
Kone said in court papers that the union action delayed repairs to elevators at the federal courthouse on Jan. 21 and the Saltonstall state office building on Jan. 23 .,-1,66,secondary_test
"According to the Latvian business register , Uponor Latvia closed in red with LVL 99,000 EUR 139,538.17 USD 194,556.48 on turnover of LVL 2.346 mn for 2009 .",-1,66,secondary_test
The announcement comes two weeks before a key licensing agreement expires between between the two companies which are embroiled in a disagreement over royalty payments for Texas Instrument chips which use Qualcomm-patented technology .,-1,66,secondary_test
"The liquidity providing was interrupted on May 11 , 2007 when Aspocomp Group Oyj 's shares traded below 0.50 cent ( Aspocomp 's stock exchange release 11.5.2007 ) .",-1,66,secondary_test
"According to Swedish authorities , traces of the very toxic osmium tetroxide have been found on the coast of Per+ñmeri , the Northernmost part of the Gulf of Bothnia .",-1,66,secondary_test
Finnish M-real 's Kyro mill is starting negotiations to cut staff .,-1,66,secondary_test
Earnings per share ( EPS ) amounted to a loss of EUR0 .38 .,-1,66,secondary_test
"Finnish Vaahto Group that provides paper-making technology and process machinery is starting negotiations concerning the temporary lay-offs of all 140 employees at the company 's plants in Hollola and Tampere , in Finland .",-1,66,secondary_test
"In Finland , metal sector company Componenta is laying off temporarily the staff of its Pori mill from Christmas 2008 till 6 January 2009 .",-1,66,secondary_test
The administrators have indicated a need for 900 job cuts at the Irish insurer over the next 15 months .,-1,66,secondary_test
"The largest restructuring is planned for Italy , where negotiations on about 40 job cuts are to be initiated today , the company noted .",-1,66,secondary_test
"The one dark spot on the horizon , however , was the company 's performance in the Finnish bottled water market .",-1,66,secondary_test
Finnish airline Finnair is starting the temporary layoffs of cabin crews in February 2010 .,-1,66,secondary_test
As a result of the negotiations the employment of 130 blue - and white-collar employees at the Oulu plant would be terminated .,-1,66,secondary_test
in Finland Finnish pharmaceutical company Orion Corporation OMX Helsinki : ORNAV said on Wednesday 7 January that it has concluded its personnel negotiations in Finland and will reduce the number of personnel by 205 .,-1,66,secondary_test
Metso estimates the need for personnel reductions to amount to 25 people .,-1,66,secondary_test
"We have also cut our price projections for paper and packaging , '' an analyst with Goldman Sachs said on a note on Monday .",-1,66,secondary_test
Finnish sports equipment company Amer Sports said it has decided to lay off 370 workers from its Salomon division in France .,-1,66,secondary_test
"On the other hand , Finnish sawmills ' production has decreased even more .",-1,66,secondary_test
"Scanfil , a systems supplier and contract manufacturer to the communications sector , will start personnel negotiations in Oulu , in Finland , to lay off staff temporarily .",-1,66,secondary_test
"In January-August 2009 , imports by sea in container , lorry , and trailer units fell by 27.7 % and exports by 28.6 % from the corresponding period in 2008 .",-1,66,secondary_test
Danish company FLSmidth has acknowledged that it has violated a patent held by Finnish Metso .,-1,66,secondary_test
stores 16 March 2010 - Finnish stationery and gift retailer Tiimari HEL : TII1V said yesterday that it will cut a total of 28 jobs in its units Tiimari Retail Ltd and Gallerix Finland Ltd as a result of the closure of shops .,-1,66,secondary_test
"However , this increases signaling traffic which wastes network resources and allows fewer smartphones to connect .",-1,66,secondary_test
"As a result , the company will temporarily lay-off 25 % of the whole personnel , approximately 270 persons at Kirkkonummi and Nivala factories .",-1,66,secondary_test
The repurchases shall decrease the distributable capital and reserves .,-1,66,secondary_test
"`` We cut our frequency to New York last year , which explains the fall , '' he said .",-1,66,secondary_test
"Finnish Suominen Flexible Packaging is cutting 48 jobs in its unit in Tampere and two in Nastola , in Finland .",-1,66,secondary_test
"The negotiation has resulted in the reduction of 80 people in regular employment , around half of which will be covered with pension arrangements .",-1,66,secondary_test
"Antti Orkola , president of Kemira GrowHow 's Industrial Solutions unit , told Thomson Financial News the company has put off opening the mine as prices of phosphate have been ` quite depressed for a long time ' . '",-1,66,secondary_test
"In this case , the effect would be negative in Finland .",-1,66,secondary_test
A total of 140 jobs will be reduced at the Raahe Steel Works .,-1,66,secondary_test
Scanfil will execute the temporary lay-offs by mid-October 2009 and the job cuts by March 2010 .,-1,66,secondary_test
55 workers in +àm+Ñl will be affected by the close-down .,-1,66,secondary_test
"In addition , a further 29 employees can be laid off until further notice and the whole workforce can be laid off for short periods if needed .",-1,66,secondary_test
"As a result of these transactions , the aggregate holdings of Burrill Life Sciences Capital Fund , L.P. has decreased below 5 per cent of the total number of shares and votes of the Company .",-1,66,secondary_test
"Konecranes has previously communicated an estimated reduction of about 1,600 employees on group level in 2009 .",-1,66,secondary_test
"As a result , the company has decided it will implement fixed-term temporary lay-offs .",-1,66,secondary_test
"Dolce & Gabbana has asked the European Union to declare Marimekko Corporation 's `` Unikko '' floral pattern trademark invalid , in a continuing dispute between the two companies .",-1,66,secondary_test
"Tornio Works employs 2,300 of whom more than 1,800 have been in the scope of the fixed-period or part-time temporary layoffs in April-October period .",-1,66,secondary_test
The reduction notice applied to 17 people .,-1,66,secondary_test
"`` Uncommonly weak snow conditions in nearly every market have affected our first quarter result , '' Chief Executive Roger Talermo said .",-1,66,secondary_test
"As part of the reorganisation measures that will take place in spring 2006 , Tamglass Finton will start personnel negotiations that will affect its entire staff of 33 .",-1,66,secondary_test
Full-year operating result for 2008 was 3.6 million negative .,-1,66,secondary_test
The four-year contract between the bank and Ski Sport Finland will bring the bank 's advertisements to skiers helmets and caps .,0,66,secondary_test
"The 718,430 new Series A shares will become subject to trading on the Helsinki Stock Exchange 's Main List , together with the old Series A shares , on July 3 , 2006 .",0,66,secondary_test
"These companies own a 20,000 sq. m. office and commercial building and substantial amount of building right for a new shopping center in Liljeholmen , Stockholm .",0,66,secondary_test
"The program included operational improvements and reductions in personnel , mainly in the Netherlands .",0,66,secondary_test
Chief Financial Officer Jim Heindlmeyer said Beyond Oblivion is in advanced talks with the four major recording companies about its service .,0,66,secondary_test
"New Delhi , Feb. 12 -- Korteniemi Anneli , Helokunnas Tuija , Peltola Marjo , Keskinen Jukka , Salminen Jussi , Tusa Kia and Janhonen Risto of Nokia Telecommunications Oy , Espoo , Finland have developed cable adjustment device .",0,66,secondary_test
Earnings per share EPS in the first quarter amounted to a loss of EUR0 .20 .,0,66,secondary_test
"`` Korean consumers are tech-savvy and leading the pack in terms of design , '' Gill Hyun-chang , president of Motorola Korea Inc. , told Dow Jones Newswires in an interview .",0,66,secondary_test
"`` This transaction supports Huhtamaki 's strategic review of rigid plastic consumer goods operations '' , says Huhtam+ñki Oyj 's CEO Jukka Moisio .",0,66,secondary_test
"As part of the reorganisation , Pohjola Insurance 's 250 field staff for private customers will join the payroll of local cooperative banks from the beginning of October 2008 .",0,66,secondary_test
"Via the plant , the Belgian company will feed 8.4 MW of electricity into the distribution grid and will be able to deliver up to 14 MW of heat .",0,66,secondary_test
Finnish bank Alandsbanken said Monday it will buy the Swedish operations of Iceland 's troubled Kaupthing Bank for 414 million kronor $ 49.5 million in cash .,0,66,secondary_test
"In addition to software development , the new design unit will provide for mechanical engineering and electronics design .",0,66,secondary_test
Aspo 's Group structure and business operations are developed persistently without any predefined schedules .,0,66,secondary_test
Antniemi refuted a report by the Finnish daily Turun Sanomat as if the company was reorganizing its operations in the Baltic countries .,0,66,secondary_test
"s NASDAQ OMX : GEO1V , GyPSii business unit , developers of the award-winning GyPSii mobile social networking application , today announced its availability as a free download via the Samsung Mobile Applications Store .",0,66,secondary_test
"Russian officials inspected the damage and gave the vessel permission to continue to Tallinn at around 4.30 a.m. The Norwegian-registered M-T Sten Nordic was carrying 11,000 tons of gas oil and was manned by a Filipino crew .",0,66,secondary_test
The companies ' aim is to finalize the negotiations and sign the contracts at the start of October 2008 .,0,66,secondary_test
"`` As a part of the Eseries business promise , the Nokia E50 has been equipped with a variety of email solutions in a small and stylised package , '' said Dave Grannan , general manager , Enterprise Solutions , Nokia .",0,66,secondary_test
The winner does not have to be present to win .,0,66,secondary_test
The first quarter was as expected and was in line with analysts ' forecasts .,0,66,secondary_test
"Finnish L&T Recoil , a company specialising in used oil regeneration , is building a facility in Hamina in Finland in 2008 .",0,66,secondary_test
Ingen is an established medical device manufacturer with an emerging new medical product line for the respiratory market worth an estimated $ 4 billion in the U.S. and $ 8 billion globally .,0,66,secondary_test
The last job losses related to these reductions will take place during 2010 .,0,66,secondary_test
"The manager is critical of politicians ' failure to differentiate between beleaguered European financial institutions and Skandinavian banks , `` which sailed through the crisis without issues '' .",0,66,secondary_test
Europe however remains an important and strong market for us .,0,66,secondary_test
"In the next few years , the ICT sector 's share of electricity consumption will be raised by the increase in the popularity of smartphones .",0,66,secondary_test
YIT Kausta will build commercial and residential highrises in Virsuliskes area .,0,66,secondary_test
The deal is in line with Etteplan 's strategy to operate as a partner of global customers and provide industrial technology design services .,0,66,secondary_test
`` Fixed Mobile Convergence solutions represent a key value proposition in today 's communication market .,0,66,secondary_test
"Under the agreement , Pfizer has been funding Biotie 's research activities on the PDE10 phosphodiesterase 10 inhibitor program since its start in late 2006 and has the sole authority to develop discovered compounds .",0,66,secondary_test
"So Mr. Galvan made savings adjustments of his own , buying less liquor and watching portion sizes .",0,66,secondary_test
Total two offers were received by Contracting Authority for participating in this contract ; however the contract was allotted to Affecto Finland Oy .,0,66,secondary_test
"Also , Technopolis plans to build a 100 million euro technology park at the special economic zone Neudorf in St. Petersburg , the St. Petersburg government said in February .",0,66,secondary_test
"With the government exempting certain stainless steel products from anti-dumping duties , Finland-based Outokumpu today said it will look to enter into supply pacts with the Indian Railways soon .",0,66,secondary_test
Upon completion of the deal Panostaja will establish a new business area within the group to focus on heat treatment of metals .,0,66,secondary_test
"Chic and cheerful , Finnish design house Marimekko has been sending its geometric textiles out into the world for the past 60 years .",0,66,secondary_test
"Germany 's innovational centers are united in focusing at companies , which aim at use of technologies and development of new kinds of activity , through supporting the beginner companies with the entire spectrum of their services .",0,66,secondary_test
"Particular attention is being paid to energy efficiency in the construction of the building , as it is designed to meet the requirements of energy class B , and LEED certification will be applied for .",0,66,secondary_test
"Finnish holding company Panostaja Oyj said on June 12 , 2007 it has signed a letter of intent to acquire local Lahden Lampokasittely Oy and Heatmasters Oy , active in the heat treatment of metals , for a total 3.1 mln euro ( $ 4.1 mln ) .",0,66,secondary_test
"According to the company , the lay-offs will be temporary .",0,66,secondary_test
"Member of the HK Ruokatalo Group in Finland , Scan , is launching a joint venture slaughterhouse with Team Ugglarp in Sk+Ñne , southern Sweden .",0,66,secondary_test
Finnlines said that the deal is part of its strategy to focus on its core businesses .,0,66,secondary_test
"Operating income was EUR -24.9 mn , including EUR 15.3 mn of restructuring expenses .",0,66,secondary_test
Calls to the switchboard and directory services have decreased significantly since our employees now have up-to-date contact information from all their colleagues and customers on their phone and can place the call directly .,0,66,secondary_test
"Community gardening has become a popular activity , especially to raise vegetables .",0,66,secondary_test
`` Our research shows that access to information technology has been one of the limiting factors for most small businesses especially when they work in a heterogenous network based environment .,0,66,secondary_test
"Key reasons to read this report : - Report contains only relevant information , leaving out excessive data .",0,66,secondary_test
"Ahlstrom Corporation Anne Pirila Director , Financial communications Distribution : Helsinki Stock Exchange Main media Ahlstrom in brief Ahlstrom is a leader in the development , manufacture and marketing of high performance fiber-based materials .",0,66,secondary_test
The company plans to spend the proceeds from the rights offering for strengthening its balance sheet .,0,66,secondary_test
"In Russia , Raisio 's Food Division 's home market stretches all the way to Vladivostok .",0,66,secondary_test
"The corresponding increase in the share capital , EUR422 ,754 , has been entered in the Trade Register today .",0,66,secondary_test
6 October 2010 - Finnish paints and coatings company Tikkurila Oyj HEL : TIK1V announced today the launch of Tikkurila ProHouse method for protection of wooden surfaces via treatment with Ultra Pro waterborne products .,0,66,secondary_test
The adjustment measures will be carried out in phases to secure the delivery capability .,0,66,secondary_test
"According to Barclays , the F-Secure software will protect users from hackers , viruses , spyware and other digital attacks .",0,66,secondary_test
"HKScan , headquartered in Turku , Finland , is a leading northern European food group with 10,000 employees in nine countries .",0,66,secondary_test
Technopolis is Europe 's leading operator of technoparks .,1,50,secondary_test
Lemcon has also signed a pre-contract for the purchase of the park 's entire 130-hectare site .,1,50,secondary_test
A & euro ; 4.8 million investment in 13.6 % of Lewa netted Deutsche Beteiligungs & euro ; 21 million .,1,50,secondary_test
"In recent months , Capman has taken significant steps to simplify its operations , CEO Lennart Simonsen said .",1,50,secondary_test
"In 2006 , the company intends to invest significantly in expanding its distribution and maintenance network .",1,50,secondary_test
The company feels these leases are prime locations due to several producing formations in the immediate area .,1,50,secondary_test
The company also expects to sell its products in other Russian region .,1,50,secondary_test
"The decision to sell a share in Lenenergo was reached in line with Fortum 's strategic plans to invest mainly in generating assets in Russia , while Lenenergo is a grid company , the press release said .",1,50,secondary_test
"`` We love Activision 's fresh , colorful approach to Rapala : We Fish , '' said Kelly Brockpahler , Rapala .",1,50,secondary_test
"It rose by 15.7 % and by 24.8 % in Finland and abroad , respectively , to EUR 7 million and EUR 4.2 million , due to a 40 % growth in Russia .",1,50,secondary_test
The annual Thesis contest is aimed to enhance the thesis quality and to strengthen the thesis culture in polytechnics .,1,50,secondary_test
"Thereby , the company will expand its offering to North , Central and South America .",1,50,secondary_test
"More than 200 volunteers from Fiskars , the garden tool company , Home Depot ( NYSE : HD ) , the city of Baltimore and the neighborhood are working right now to create a garden sanctuary - in a single day .",1,50,secondary_test
Ramirent is a leading company in machinery and equipment rentals for construction and industry .,1,50,secondary_test
The completion of the recycling plant is an important link in the chain of creating a waste management system in the Dubna region that meets the EU standards .,1,50,secondary_test
We are very proud to be able to use this kind of innovative mobile service for voting in elections .,1,50,secondary_test
"` Ruukki has experience of logistics construction , competence in project management and also has the best references in terms of steel frame production and installation , ' says Onodi Stefan , General Manager of Arxikon Construction Company SRL , which is Ruukki 's customer .",1,50,secondary_test
"This is Done Logistics ' largest order in Norway , the diversified group said .",1,50,secondary_test
"com , and we are constantly planning new ways to serve our customers online on a more comprehensive basis , '' says Matti Leminen , President of Anttila Oy .",1,50,secondary_test
"The subscriptions increase Cargotec 's share capital by EUR 27,060 .",1,50,secondary_test
Finnish Ahlstrom Corporation has ordered key production equipment for a new glass nonwovens production line at its Russian Tver Mill from Finnish Vaahto Pulp & Paper Machinery ( that is part of Vaahto Group ) .,1,50,secondary_test
The StoneGate UTM solution offers protection against inbound and outbound attacks .,1,50,secondary_test
Sponda Plc Stock Exchange Release 5 December 2006 at 15.45 EUR 1.5 BILLION SYNDICATED CREDIT FACILITY FOR SPONDA Sponda has signed an agreement for a one-year syndicated credit facility for a total of EUR 1.5 billion .,1,50,secondary_test
Panostaja Oyj s ( Panostaja ) Board of Directors decided on 16 December 2010 on a new long-term incentive and commitment plan for members of the management team .,1,50,secondary_test
The stock of new machines is reasonably small and new orders bring work .,1,50,secondary_test
The social plan negotiations were part of the three year turn-around program which is expected to ensure Salomon 's future competitiveness .,1,50,secondary_test
"In the Asia-Pacific region , Visa Wave is available in Malaysia , Taiwan and South Korea and will be expanded to Japan and Southeast Asia this year , Jung added .",1,50,secondary_test
"It provides customers with industry-leading elevators , escalators and innovative solutions for maintenance and modernization .",1,50,secondary_test
"Upon completion , Keskuskatu will form the backbone of Helsinki 's pedestrianised downtown area , linking up with the city 's other main pedestrian precincts .",1,50,secondary_test
"Selects Third Party Logistics Leader Transplace for Best-in-Class Technology , Procurement Capabilities ; Leading Specialty Packaging Manufacturer Employs Complete 3PL Solution for Supply Chain Visibility and Transportation Efficiency to Increase Service Levels and On-Time Deliveries",1,50,secondary_test
"The circuit 's overall production rate on a weekly basis is now in excess of an average of 40,000 tonnes per day , with volumes in excess of 50,000 tonnes per day being reached on individual days .",1,50,secondary_test
"Salo , Finland , 29 August 2006 - Benefon has today announced its plans to further strengthen its in-house technology platform , by licensing the complete mobile software platform , Opna , from its long-standing technology partner , Pollex .",1,50,secondary_test
"firm 28 October 2009 - Finnish lifting equipment maker Konecranes Oyj HEL : KCR1V said today it acquired US Machine Tool Solutions Unlimited in Cincinnati , Ohio , for an undisclosed sum .",1,50,secondary_test
We look forward to helping the company develop its operational services and further digitalize its services for its customers . '',1,50,secondary_test
The through service of FESCO is a telling example of strengthening the relationship between logistics companies and operators at the international level .,1,50,secondary_test
One of Uponor 's promising future products is a hydronic cooling system .,1,50,secondary_test
"Asimilar agreement was signed between China Mobile Ltd. ( SEHK : 0941 and NYSE : CHL ) , the largest mobile carrier , and theGPS and social networking service provider , promoting GyPSii service before Beijing 2008 Olympic Games , according to thelatest news .",1,50,secondary_test
"In the Homeware area , Fiskars provides leading branded products for home , kitchen , and interior design .",1,50,secondary_test
"Finnair expands : Finnair plans to add more flights on routes to Hong Kong , India and Russia .",1,50,secondary_test
The training modules aim at strengthening the public accounting abilities and fulfilling communal project management .,1,50,secondary_test
"To prove the efficiency of the China Mobile system , Rod Baber , an English climber , climbed to the Mount Everest summit and successfully made calls .",1,50,secondary_test
"Our strong company brands - ESL Shipping , Leipurin , Telko and Kaukomarkkinat - aim to be the market leaders in their sectors .",1,50,secondary_test
"Israeli cable network operator HOT Telecom has chosen Teleste , an international technology group , as its exclusive provider of FTTx equipment in Israel , according to Teleste today .",1,50,secondary_test
"( ADPnews ) - Nov 9 , 2009 - Four companies have agreed to buy for a combined SEK 5.9 billion ( USD 854m-EUR 571.8 m ) all drug stores offered for sale as part of the restructuring of Swedish stated-owned pharmacy monopoly Apoteket AB , t",1,50,secondary_test
Shareholders of Rakvere Lihakombinaat decided in favor of the buyout of minority shares in mid-July .,1,50,secondary_test
The long-term contract is global .,1,50,secondary_test
The world 's biggest magazine paper maker said the program to improve efficiency will include closing several of its least competitive mills and would cover all the company 's operations resulting in annual savings of some euro200 million US$ 240 million .,1,50,secondary_test
"During the past decade it has gradually divested noncore assets and bought several sports equipment makers , including California-based Fitness Products International and Sparks , Nevada-based ATEC , a leading maker of baseball and softball pitching machines .",1,50,secondary_test
A new production line is being completed for the contract production of hormone treatments .,1,50,secondary_test
"The iTunes-based material will be accessible on Windows-based or Macintosh computers and transferable to portable devices , including Apple 's iPods .",1,50,secondary_test
"Jobs will not be transferred from Finland , however .",1,50,secondary_test
"It combines a perfect price performance with sophisticated management facilities , the company said .",1,50,secondary_test
"The OMX Nordic 40 ( OMXN40 ) index , comprising the 40 most traded Nordic stocks on the Nasdaq OMX exchange , closed up 1.29 % at 1,084.47 points on Friday .",1,50,secondary_test
"`` Our customers now have the chance to make bookings for all the services they want at one location , '' said Mikko Tuomainen , in-charge of Finnair 's Internet ( sales ) .",1,50,secondary_test
"Higher bit rates for outgoing traffic improves the end-user experience of mobile broadband services such as video conferencing , file sharing and sending e-mails with attachments .",1,50,secondary_test
"O'Leary 's Material Handling Services , located in Perth , is the leading company in Western Australia that supplies , installs and provides service for tail lifts .",1,50,secondary_test
"And earlier this month , the company signed a deal with India-based information technology services giant Wipro Technologies to transfer and sell its radio access related R&D activities in Berlin .",1,50,secondary_test
"The contract covers HDO platform , AC800 and CXE880 optical Fttb nodes designed to increase the forward and return path capacity of the transmission networks .",1,50,secondary_test
"Dubbed Nokia Money Solutions , company officials say the initiative would seek to bridge the gap between the banked and unbanked in developing countries .",1,50,secondary_test
A realignment of interests in the sector is clearly under way .,1,50,secondary_test
"The adapter , awarded with the `` Certified Integration for SAP -« ; NetWeaver '' endorsement , integrates Basware s invoice automation and procurement solutions with more than 200 different ERP systems .",1,50,secondary_test
TomTom has given assurances that it will continue to sell maps to competitors if it wins EU approval .,1,50,secondary_test
It is a solid credit that has been compared to a DZ Bank or a Rabobank .,1,50,secondary_test
"In addition to the Indian market , the new plant will serve Salcomp 's customers globally , the company said .",1,50,secondary_test
"` For Nordea , moving into the new headquarters signifies the beginning of a new era .",1,50,secondary_test
Componenta 's objective with this agreement is to increase business on its existing production lines .,1,50,secondary_test
"Kaido Kaare , general director for Atria Eesti , says the company 's investments in the upgrade of the pig farms surpass EEK 150mn EUR 9.59 mn USD 14.19 mn in the past years .",1,50,secondary_test
"In 2007 , Marimekko has also opened concept stores in Yokohama and Nagoya , central Japan , in Silver Spring in metropolitan Washington DC , USA , in Graz , central Austria , and in Aalborg , northern Denmark .",1,50,secondary_test
He believes that the soy-oats have a good chance of entering the UK market .,1,50,secondary_test
One of my colleagues summed up the E7 quite aptly when he remarked : `` Fantastic hardware .,1,50,secondary_test
The increase in capital stock has been registered in the Finnish Trade Register on 20 November 2006 .,1,50,secondary_test
Tekla will implement the renewal in software versions which will be introduced in spring 2011 .,1,50,secondary_test
"The dollar fell , though , against the pound and the yen .",-1,50,secondary_test
"The offer , deemed too low by Finnlines ' board , stands until 4 pm tomorrow .",-1,50,secondary_test
- The Group -¦ s result before taxes was EUR -1.9 ( -3.0 ) million .,-1,50,secondary_test
"Operating profit for the three-month period decreased from EUR1 .65 m while net sales increased from EUR14 .6 m , as compared to the corresponding period in 2005 .",-1,50,secondary_test
Applying for summer work is seen as laborious and stressful .,-1,50,secondary_test
"Metso Foundries Jyvaskyla , Inc. will begin personnel negotiations on temporary lay-offs and personnel reductions in Jyvaskyla , Finland .",-1,50,secondary_test
Layoffs will also take place at the Suomussalmi and Kuhmo plants this autumn as a result of codetermination negotiations held there .,-1,50,secondary_test
"As a result of the negotiations , the company will terminate total 5 employment contracts .",-1,50,secondary_test
"Compared with the FTSE 100 index , which rose 36.7 points ( or 0.6 % ) on the day , this was a relative price change of -0.2 % .",-1,50,secondary_test
"The international electronic industry company Elcoteq has laid off tens of employees from its Tallinn facility ; contrary to earlier layoffs the company contracted the ranks of its office workers , the daily Postimees reported .",-1,50,secondary_test
Earnings per share were at loss of EUR0 .24 .,-1,50,secondary_test
The employment contracts of 14 of the employees will end in March 2009 as a result of the company 's previous employer-employee talks .,-1,50,secondary_test
"Due to market conditions , the company will also temporarily lay off about 3,200 people at different sites .",-1,50,secondary_test
"Net sales of the Paper segment decreased to EUR 221.6 mn in the second quarter of 2009 from EUR 241.1 mn in the second quarter of 2008 , while operating profit excluding non-recurring items rose to EUR 8.0 mn from EUR 7.6 mn .",-1,50,secondary_test
"Myllykoski , with one paper plant in Finland , one in the US and three in Germany , had revenues of EUR286m in the first half of 2010 and an operating loss of EUR12m , Reuters said .",-1,50,secondary_test
The personnel reductions will primarily affect those working for the parent company in the diagnostics business or in production and logistics in the liquid handling business .,-1,50,secondary_test
"IT services firm TietoEnator was bucking the general trend , holding flat at 22.70 eur , after slipping back from earlier gains .",-1,50,secondary_test
"Finnish Suominen Corporation that makes wet wipes , nonwovens , and flexible packaging is starting employer-employee negotiations at its Tampere plant in Finland to lay off about 25 employees .",-1,50,secondary_test
The terms of the aforementioned funding are considerably below the Bank 's current CDS levels in the market and have a maturity ranging from 1 to 7.5 years .,-1,50,secondary_test
In addition the production personnel of the Sport Division have been given a temporary lay-off warning .,-1,50,secondary_test
F-Secure also point out the logical weakness in the sequenced numbers of a card approach that has apparently already been utilised .,-1,50,secondary_test
The company initially estimated that it would cut up to 30 jobs .,-1,50,secondary_test
"Also the city 's insurance company , If P & C Insurance , has said it will not pay compensation .",-1,50,secondary_test
"Only the driver was left in the car with the suspect , who was kidnapped and forced at gunpoint to drive to Durham .",-1,50,secondary_test
Most of the layoffs will be in Finland .,-1,50,secondary_test
Nokia will certainly disagree with Qualcomm 's views on the patent situation .,-1,50,secondary_test
The first ship has been delayed and is estimated to be completed in spring 2010 .,-1,50,secondary_test
"`` We can say that the number of deals has become normalized by the moment , and therefore we have decided to devalue our apartments now on sale , '' he added .",-1,50,secondary_test
"have notified that as a result of the Company issuing 14,432,000 new shares in the directed offering , the joint holdings of Pequot has decreased below 1-10 to 9.63 % of total number of shares and votes in the Company .",-1,50,secondary_test
"`` We see that the market continues to be tight in magazine papers , and our target is to close the deals by the end of the year . ''",-1,50,secondary_test
"- The Group 's sales during the period were EUR 37.5 million ( EUR 48.2 million , 1-9/2008 ) and result before taxes was a loss of EUR -3.5 ( +1.2 ) million .",-1,50,secondary_test
"According to Aktia Asset Management , Finnish analysts ' forecasts for 2009 are still too high .",-1,50,secondary_test
"Raw materials prices have surged in the past year , fueled in part because of the rapid industrialization of China , India and other developing nations .",-1,50,secondary_test
Korhonen was dismissed from her post of editor in chief of the group 's newspaper Lapin Kansa in December 2008 .,-1,50,secondary_test
"After Chuck Smith was laid off on May 30 from his $ 90,000 housing consultant job , he and his wife had to cut spending in half for their family of six , having to rely on his wife 's income -- about the same as his -- alone .",-1,50,secondary_test
The total number of filling stations has been on the decrease recently .,-1,50,secondary_test
GSK announced in November 2008 that it would close its operations in Dartford .,-1,50,secondary_test
Elisa CEO Sami Seppanen said EMT 's slogan `` Best coverage across Estonia '' clearly gives misleading information to consumers .,-1,50,secondary_test
"Operating profit for the 12-month period decreased from EUR2 .9 m while turnover increased from EUR24 .5 m , as compared to the financial year 2004 .",-1,50,secondary_test
"The personnel reduction will be carried out in Anjalankoski , Hollola , Jyvaskyla , Jarvenpaa , Karhula , Turku and Valkeakoski units .",-1,50,secondary_test
"Jul. 18 -- Police are looking for a man who they say terrorized three males at gunpoint on East Maple Avenue this afternoon , shooting one of them and kidnapping another .",-1,50,secondary_test
"Stora Enso Oyj , the largest papermaker , in October said it would close four mills .",-1,50,secondary_test
"Operating profit for the 12-month period decreased from EUR28 .2 m while net turnover increased from EUR313 .42 m , as compared to the financial year 2004 .",-1,50,secondary_test
"Employing 112 in Finland and 280 abroad , the unit recorded first-quarter 2007 sales of 8.6 mln eur , with an operating loss of 1.6 mln eur .",-1,50,secondary_test
"The staff reduction will start immediately , Glaston added .",-1,50,secondary_test
"As production of other products will continue normally , temporary lay-offs concern simultaneously at most 80 employees .",-1,50,secondary_test
"According to the company , staff will be laid off temporarily when necessary .",-1,50,secondary_test
"HELSINKI AFX - Kesko Corp is expected to report a lower second quarter EPS today due to tax charges , but other earnings lines are seen higher year-on-year , analysts said .",-1,50,secondary_test
The number of salaried employees and group administration employees to be dismissed from the Sievi units is 17 .,-1,50,secondary_test
"Outokumpu 's steel mill in Tornio , in Finland , is the suspected source .",-1,50,secondary_test
"Most of the permanent layoffs will be in the plywood and sawn timber sectors of the Finnish company 's operations at several domestic mills , where earlier this year it temporarily laid off some 1,200 workers to save costs .",-1,50,secondary_test
"`` The considerably weaker U.S. dollar and British pound had an impact on sales and average prices in euros , '' UPM said .",-1,50,secondary_test
"However , the suspect stole his burgundy Nissan Altima .",-1,50,secondary_test
"That 's what I go to bed worrying about every night , ' he said .",-1,50,secondary_test
"According to Laavainen , Raisio 's food marketing used to be reactive and inconsistent .",-1,50,secondary_test
EB announced in its stock exchange release on November 18th 2008 that J.T. Bergqvist has resigned from the chairmanship and membership of the Board of EB .,-1,50,secondary_test
Benefon 's target is to lay off temporarily of permanently up to 20 % of the Salo plant 's staff .,-1,50,secondary_test
Performance in 2006 was impacted by the consolidation trend in the telecom sector and the overall and structural changes in the contract manufacturing market in telecommunications technology and industrial electronics .,-1,50,secondary_test
"Finnish Suominen Flexible Packaging Ltd , owned by local textile company Suominen Corporation Group ( HEL : SUY1V ) , said today that it would start employee negotiations concerning its entire personnel in Finland .",-1,50,secondary_test
"As a result of the negotiations , the amount of employment contracts to be terminated is 13 .",-1,50,secondary_test
"Operating profit for the 12-month period decreased from EUR5 .4 m while net sales increased from EUR62 .0 m , as compared to the financial year 2004 .",-1,50,secondary_test
"Divisional sales demand in the half remained `` inconsistent '' , it added .",-1,50,secondary_test
Finnish plumbing and heating systems supplier Uponor is temporarily laying off its whole workforce in Finland for two weeks as of mid-July 2009 .,-1,50,secondary_test
In February the Elcoteq group sold its St Petersburg facility ; according to unconfirmed information the reason could have been supply problems because of the Russian customs service .,-1,50,secondary_test
"In addition , the company will reduce a maximum of ten jobs .",-1,50,secondary_test
"Operating profit for the six-month period decreased from EUR21m , while net sales increased from EUR436 .9 m , as compared to the corresponding period in 2007 .",-1,50,secondary_test
"When the web user clicks on the link contained in the mail , he finds himself on a bogus site that imitates that of his bank , and which retrieves his personal banking data .",-1,50,secondary_test
This is bad news for the barbeque season .,-1,50,secondary_test
The current lay-offs are additional to the temporary lay-offs agreed in December 2008 and in May 2009 .,-1,50,secondary_test
"Additionally , the company will terminate a maximum nine salaried and senior salaried employees ' employment contracts .",-1,50,secondary_test
"Paper stocks were among the biggest fallers , with Stora Enso down 2.30 pct to 14.01 eur , M-real down 2.86 pct to 5.09 eur and UPM-Kymmene 1.14 pct lower at 19.10 eur .",-1,50,secondary_test
HELSINKI ( AFX ) - KCI Konecranes said that Franklin Resources Inc 's share of voting rights in the Finnish cranes company fell last week to 4.65 pct from more than 9 pct in October 2005 .,-1,50,secondary_test
`` We want to serve K-citymarket customers by offering them interesting and topical selections .,0,50,secondary_test
"`` We will continue to make it easier for users to explore services on their handsets and will work towards bringing Internet to a wider range of devices including mid and low-end devices , '' said Kallasvuo .",0,50,secondary_test
"It is profitable to make pulp , paper , and sawn goods in areas where the combination of these factors is good .",0,50,secondary_test
"We now have both the opportunity and the responsibility to create a new journalistic culture to serve the readers of Alma Media 's newspapers , `` says Hannu Ollikainen , head of the new Helsinki desk .",0,50,secondary_test
Nokia Corp of Finland Tuesday said it has received a unified device managment contract with Finnish operator Elisa Oyj .,0,50,secondary_test
"The new company will buy from Baltic Pearl CJSC a lease right to 8.1 hectares for the construction of a mall with a gross area of 140,000 sq m 1.5 million sq ft .",0,50,secondary_test
"The most popular paper by far was Kesko 's loyal customer magazine Pirkka with 2,462,000 readers .",0,50,secondary_test
South America and Asia are other promising markets .,0,50,secondary_test
"The transaction , which includes US$ 1.5 billion euro1 billion in cash , vendor notes and share purchases , is expected to be completed in the first quarter of 2008 , the Finnish-Swedish paper maker said .",0,50,secondary_test
hybrid bond 18 January 2010 - Finnish IT consultancy Trainers ' House Oyj HEL : TRH1V said last Friday it resolved to issue a EUR5m hybrid bond to domestic investors in a bid to strengthen its capital structure .,0,50,secondary_test
-- Christine Idzelis EQT Partners sheds Salcomp Swedish financial investor EQT Partners is selling a majority of its stake in mobile phone charger manufacturer Salcomp Oyj to Nordic investment company Nordstjernan AB .,0,50,secondary_test
"It includes the company 's new , highly powerful , compact and scalable Flexi Multiradio 10 Base Station .",0,50,secondary_test
The fuel purchase contracts have been signed with three months ' delivery from this September to November .,0,50,secondary_test
"Glaston 's well-known brands are Bavelloni , in pre-processing machines and tools , Tamglass and Uniglass in safety glass machines and Albat + Wirsam in software solutions .",0,50,secondary_test
The company has a wide selection of metal products and services .,0,50,secondary_test
"Takoma will carry out the transaction by acquiring the entire share capital of Moventas Parkano Oy , which runs the factory in Parkano , southern Finland .",0,50,secondary_test
"`` We have become convinced that we can do that very quickly , '' he told Finnish business reporters .",0,50,secondary_test
"ALEXANDRIA , Va. , Aug. 27 -- Timo Vataja of Tampere , Finland , Virve Inget of Oulu , Finland , have developed a computer program product with activating the right of use .",0,50,secondary_test
"Lemminkainen Oyj said that it has signed credit agreements with Nordea Bank STO : NDA , Pohjola Bank HEL : POH1S , Sampo Bank HEL : SAMAS and Svenska Handelsbanken STO : SHB A .",0,50,secondary_test
"Neste Oil said it will build a biodiesel production facility in Rotterdam , the Netherlands , at an estimated cost of 670 million euros , naming France-based Technip as the project 's main contractor .",0,50,secondary_test
The effect of the savings will be noticeable from the beginning of 2010 .,0,50,secondary_test
The merger between the two telecoms operators was expected to result in the world 's fourth largest telecoms operator .,0,50,secondary_test
"Deutsche Beteiligungs , as well as a private equity fund it manages , first bought 75 % of MCE in a secondary buyout from White Plains , N.Y. , financial investor Andlinger & Co. in 2007 .",0,50,secondary_test
"Ponsse plans to create a network that is based on strong partnership , and participates in the production of larger entities than presently .",0,50,secondary_test
"According to preliminary information by the Finnish Forest Industries Federation , imports of roundwood to Finland increased to about 20 million m3 in 2005 , representing an increase of 15 % from 2004 .",0,50,secondary_test
Nordea Bank has a large share and vast experience in the Nordic credit card market .,0,50,secondary_test
"According to Rautaruukki , the company wants to promote the use of emission-free energy sources .",0,50,secondary_test
26 January 2011 - Finnish software solutions provider Basware ( HEL : BAS1V ) said yesterday it adjusted its strategy and goals for the next four years with focus on international growth mainly via acquisitions .,0,50,secondary_test
"Stonesoft is a global provider of proven , next generation solutions that simplify network security management .",0,50,secondary_test
Consumers are now increasingly interested in what they can do with heir phones .,0,50,secondary_test
The machines will cease production by the end of February 2007 .,0,50,secondary_test
Automation makes it possible to conduct several tests simultaneously .,0,50,secondary_test
Under the agreement Ponsse will provide forest machine maintenance services to Stora Enso 's Russian wood procurement operations .,0,50,secondary_test
Metso Paper 's delivery will comprise an Advantage DCT 200 tissue machine including quality control and distributed control systems ( QCS-DCS ) .,0,50,secondary_test
The StoneGate product is centrally manageable and suited for both physical and virtual environments .,0,50,secondary_test
` The investment in Matka-Vekka has been reasonable for investors in CapMan funds . ',0,50,secondary_test
Bioheapleaching makes extraction of metals from low grade ore economically viable .,0,50,secondary_test
"Finnish cargo handling solutions company Cargotec Oyj said on June 17 , 2008 that it will acquire New Zealand tailgates distributor Zepro Tailgate ( 1987 ) Limited for an undisclosed sum .",0,50,secondary_test
"Nokia said that its next generation mobile gaming platform makes it easy for people to find , buy , play and share rich and immersive games on a range of Nokia devices .",0,50,secondary_test
"A state program has been worked out , legal provisions have been developed , and rules and normative documents have been specified for the functioning of a technological park .",0,50,secondary_test
"LONDON ICIS -- Tikkurila has completed the sale of its powder coatings business to Finnish industrial coatings firm Teknos Group , the Finland-based decorative paints company said on Wednesday .",0,50,secondary_test
"QPR has an established international customer base , spread over 70 countries in 2009 , and a variety of organizations including banks , manufacturing companies , service companies and government authorities .",0,50,secondary_test
It is also in the process of taking a seat on CapMan 's board - a course which has the support of CapMan management .,0,50,secondary_test
Technopolis said before the protocol was signed that the techno-park would be built at a site covering more than six hectares in the Neudorf special economic zone and that it planned to invest 200 million euros in the project until 2009 inclusive .,0,50,secondary_test
Incap Corporation Stock Exchange Release 4 May 2010 at 8.30 a.m. INCAP CORPORATION 'S DIRECTED SHARE ISSUE WAS SUBSCRIBED IN FULL The Board of Incap Corporation has approved the subscriptions of directed share issue .,0,50,secondary_test
This PC application allows users to copy files and other data from their Nokia mobile device to their computer as well as create backup content .,0,50,secondary_test
Technopolis 's technological centers supply their clients with modern high-class premises .,0,50,secondary_test
"This implementation will upgrade the existing system , enabling voicemail and video mail to be housed on the same platform .",0,50,secondary_test
"The third applicant , Fortum , was dropped .",0,50,secondary_test
"The familiar blue , white , and red HK seal has received a more authentic look .",0,50,secondary_test
The service developed by Digia facilitates the work and resourcing of health care personnel during vaccination campaigns while providing them with monitoring and management tools .,0,50,secondary_test
"According to the Act , universities can now acquire private funding .",0,50,secondary_test
"Garmin fell 4.5 percent to $ 34.53 at 1:33 p.m. in New York , while Google slid 0.7 percent at $ 576.50 .",0,50,secondary_test
It has sold one half of its business operations and will enter the Helsinki Stock Exchange via the back door through an innovative buyout arrangement with Kasola .,0,50,secondary_test
"Headline of release dated March 26 , 2008 should read : Acacia Subsidiary Enters into Settlement Agreement for Rule Based Monitoring Technology with F-Secure ( sted Acacia Technologies Licenses Rule Based Monitoring Technology to F-Secure ) .",0,50,secondary_test
"Sonoco Products Co. , a U.S. packaging company , said Friday it bought the 75 percent of Italy 's Demolli Industria Cartaria SpA it did not already own .",0,50,secondary_test
The Symbian Foundation plans to revise its procedures for testing and signing software after digitally signing a trojan for its Symbian mobile phone operating system by mistake .,0,50,secondary_test
The Engines in Asia-Pacific industry profile is an essential resource for top-level data and analysis covering the engines industry .,0,50,secondary_test
W+ñrtsil+ñ 's aim is to serve the rapidly growing number of vessels and increasing marine activity in the Barents Sea region .,0,50,secondary_test
An Android app will be coming soon .,0,50,secondary_test
"The building owner and developer , Sun Hung Kai Properties Group , is one of the largest property companies in Hong Kong , developing all types of premium residential and commercial projects for sale and investment .",0,50,secondary_test
"With this subscription , Fortum 's ownership in TGK-10 has increased to slightly over 76 % of shares and voting rights .",0,50,secondary_test
Affecto has helped SKAT to set up the platform and has previously delivered several Business Intelligence projects for SKAT .,0,50,secondary_test
"Also Ruukki Construction , Rautaruukki 's construction division , is initiating employer-employee negotiations at its sites in Alaj+ñrvi , Vimpeli and Per+ñsein+ñjoki in Finland .",0,50,secondary_test
Net sales in 2007 totalled EUR 329 million and the operating margin was over 19 % .,0,50,secondary_test
The European Central Bank ECB is anticipated to raise its benchmark interest rate in the second half of 2011 at the earliest .,0,50,secondary_test
"With Aldata , we can help retailers ensure that their merchandising and selections reflect customer demand and their evolving shopping behavior . ''",0,50,secondary_test
"As previously announced , GeoSentric Oyj entered into financing agreements with its lead investor on June 30 , 2010 enabling the Company to receive financing up to the aggregate amount of 6M .",0,50,secondary_test
28 January 2011 - Finnish technology center operator Technopolis Oyj (HEL : TPS1V)said today it will invest EUR22 .5 m in the construction of the second phase of an office facility in Tampere .,0,50,secondary_test
`` I see my new post as an inspiring challenge .,0,50,secondary_test
Altimo previously agreed a similar deal with Telenor to merge their stakes in VimpelCom and Kyivstar-GSM .,0,50,secondary_test
The ore body is sufficient to support anticipated production for at least 46 years .,0,50,secondary_test
